seed,final_obj,best_obj,fbs,conn,peak_fbs,sec
0,0.473316053699387,0.473316053699387,90.66666666666669,702.6666666666666,130,61.3
1,0.4604268169138856,0.4604268169138856,72.33333333333333,698.3333333333334,134,55.5
2,0.4523535938093104,0.4632919290108884,60.0,696.3333333333334,131,57.2
3,0.4511281915615248,0.457011403672451,53.0,701.3333333333334,132,63.6
4,0.4434774039841745,0.4550691268122842,57.333333333333336,683.0,133,56.5
5,0.4588075748244857,0.4617268611589828,72.33333333333333,695.3333333333334,134,55.3
6,0.450547111370238,0.4577375758112702,60.666666666666664,692.3333333333334,131,62.2
7,0.4544181111440861,0.4634180076628352,62.333333333333336,697.6666666666666,132,58.9
8,0.4787000541014645,0.4787000541014645,98.0,705.0,132,55.7
9,0.4871348756228288,0.4871348756228288,108.33333333333331,710.0,131,63.8
