seed,final_J,final_sd,best_J,best_sd,connected,fbs,headroom_%,baseline,optimum
0,0.4835,0.0017,0.4869,0.0028,701.2,109.85,92.5974,0.4165,0.4926
1,0.4601,0.0127,0.4819,0.0123,700.75,69.35,85.914,0.4165,0.4926
2,0.4501,0.0016,0.4737,0.0109,695.15,57.2,75.2457,0.4165,0.4926
3,0.4747,0.0015,0.4833,0.0017,710.9,85.35,87.8501,0.4165,0.4926
4,0.4489,0.0006,0.4746,0.0115,693.55,56.6,76.3053,0.4165,0.4926
5,0.4545,0.0098,0.477,0.014,697.1,63.1,79.5696,0.4165,0.4926
6,0.4509,0.0015,0.4745,0.0125,691.4,62.15,76.2098,0.4165,0.4926
7,0.4751,0.0007,0.4841,0.0045,705.75,90.9,88.91,0.4165,0.4926
8,0.4813,0.0009,0.4855,0.002,702.1,105.15,90.6617,0.4165,0.4926
9,0.4888,0.0031,0.489,0.0031,718.3,103.65,95.2406,0.4165,0.4926
10,0.456,0.0053,0.4742,0.0116,697.85,64.85,75.7969,0.4165,0.4926
11,0.459,0.0113,0.4773,0.0094,693.95,73.85,79.8748,0.4165,0.4926
12,0.4636,0.0021,0.4834,0.007,697.5,78.5,87.9375,0.4165,0.4926
13,0.4497,0.0021,0.4774,0.0127,693.45,58.05,80.0013,0.4165,0.4926
14,0.4736,0.0004,0.4821,0.0052,706.0,88.15,86.2878,0.4165,0.4926
15,0.4849,0.0019,0.4868,0.0036,715.35,99.45,92.3426,0.4165,0.4926
16,0.4536,0.0068,0.4649,0.007,708.85,49.95,63.6067,0.4165,0.4926
17,0.4753,0.0006,0.4835,0.0038,708.6,88.6,88.0312,0.4165,0.4926
18,0.467,0.0044,0.4759,0.0095,702.9,79.3,78.0883,0.4165,0.4926
19,0.48,0.0036,0.4856,0.0049,700.0,104.85,90.8697,0.4165,0.4926
20,0.4691,0.0016,0.48,0.0073,705.2,80.9,83.4106,0.4165,0.4926
21,0.4821,0.0009,0.4877,0.0029,699.3,109.15,93.585,0.4165,0.4926
22,0.4698,0.0035,0.48,0.0062,708.45,79.1,83.5235,0.4165,0.4926
23,0.4505,0.0,0.4777,0.0086,696.1,56.9,80.4022,0.4165,0.4926
24,0.4522,0.007,0.4788,0.0119,695.9,60.25,81.853,0.4165,0.4926
25,0.4485,0.0013,0.477,0.0079,695.35,54.25,79.4619,0.4165,0.4926
26,0.45,0.0017,0.4733,0.0109,695.15,57.05,74.6735,0.4165,0.4926
27,0.4535,0.0089,0.4718,0.0087,697.3,61.2,72.7186,0.4165,0.4926
28,0.4454,0.0016,0.4779,0.0142,685.1,58.6,80.6972,0.4165,0.4926
29,0.4753,0.0003,0.4853,0.0049,701.9,94.9,90.4229,0.4165,0.4926
30,0.4487,0.001,0.4716,0.0122,691.55,58.2,72.4557,0.4165,0.4926
31,0.4505,0.0022,0.4788,0.008,693.95,59.05,81.9415,0.4165,0.4926
32,0.4599,0.0112,0.4786,0.0126,694.4,74.95,81.5954,0.4165,0.4926
33,0.4599,0.0021,0.4625,0.0015,698.0,71.6,60.5134,0.4165,0.4926
34,0.452,0.0059,0.4758,0.0086,698.2,57.5,78.0008,0.4165,0.4926
35,0.4771,0.0024,0.4825,0.0038,704.85,95.3,86.758,0.4165,0.4926
36,0.4681,0.0031,0.4814,0.007,701.7,82.4,85.3535,0.4165,0.4926
37,0.4566,0.0103,0.4812,0.0108,691.65,71.8,85.0502,0.4165,0.4926
38,0.4744,0.0008,0.4831,0.0063,706.95,88.65,87.587,0.4165,0.4926
39,0.4731,0.0091,0.4796,0.0081,710.3,83.2,82.9344,0.4165,0.4926
40,0.4507,0.0039,0.4779,0.0093,695.3,58.15,80.7307,0.4165,0.4926
41,0.4725,0.0012,0.4817,0.0045,705.55,86.55,85.7277,0.4165,0.4926
42,0.4726,0.001,0.482,0.0046,700.65,91.3,86.1268,0.4165,0.4926
43,0.4793,0.0018,0.4836,0.0038,702.15,101.7,88.1982,0.4165,0.4926
44,0.451,0.0007,0.4743,0.01,696.9,57.05,76.0043,0.4165,0.4926
45,0.4786,0.0016,0.4856,0.0038,692.1,109.5,90.7933,0.4165,0.4926
46,0.4543,0.0026,0.4741,0.01,697.75,62.05,75.71,0.4165,0.4926
47,0.453,0.0039,0.4798,0.0118,695.2,62.25,83.227,0.4165,0.4926
48,0.4416,0.0047,0.4621,0.0092,702.15,35.55,59.9117,0.4165,0.4926
49,0.4511,0.0038,0.4767,0.0118,695.25,58.8,79.1588,0.4165,0.4926
50,0.4752,0.0015,0.4823,0.0066,706.4,90.6,86.4894,0.4165,0.4926
51,0.4502,0.001,0.4738,0.0122,696.9,55.7,75.2895,0.4165,0.4926
52,0.4505,0.0005,0.483,0.0083,695.0,58.0,87.4214,0.4165,0.4926
53,0.4562,0.0031,0.4736,0.0112,693.45,69.4,75.075,0.4165,0.4926
54,0.4522,0.0062,0.4801,0.0093,692.9,63.1,83.6335,0.4165,0.4926
55,0.4521,0.0045,0.4789,0.0103,691.8,63.85,82.0272,0.4165,0.4926
56,0.4542,0.0045,0.4783,0.0085,696.5,63.0,81.2041,0.4165,0.4926
57,0.4522,0.0062,0.4768,0.0114,696.15,60.0,79.2379,0.4165,0.4926
58,0.4591,0.0055,0.4764,0.0113,698.6,69.6,78.7473,0.4165,0.4926
59,0.4638,0.0068,0.4759,0.0113,704.15,72.6,78.0204,0.4165,0.4926
60,0.4617,0.0109,0.4745,0.0124,700.85,72.0,76.289,0.4165,0.4926
61,0.4508,0.0033,0.4736,0.0101,697.15,56.5,75.0682,0.4165,0.4926
62,0.483,0.0003,0.487,0.0036,712.05,99.1,92.6877,0.4165,0.4926
63,0.4514,0.0038,0.4648,0.0083,706.7,48.25,63.4318,0.4165,0.4926
64,0.4729,0.0009,0.4833,0.003,709.0,84.0,87.7421,0.4165,0.4926
65,0.4517,0.0027,0.4701,0.0076,698.3,57.0,70.4124,0.4165,0.4926
66,0.4493,0.0005,0.4796,0.0076,690.6,60.15,82.9046,0.4165,0.4926
67,0.4516,0.0042,0.4821,0.0106,692.25,62.6,86.181,0.4165,0.4926
68,0.4746,0.0008,0.4846,0.0043,701.4,94.1,89.5254,0.4165,0.4926
69,0.4494,0.0054,0.4731,0.0114,691.3,59.6,74.3973,0.4165,0.4926
70,0.4761,0.001,0.4845,0.0032,705.0,93.35,89.3451,0.4165,0.4926
71,0.4613,0.0094,0.4722,0.0093,698.25,73.8,73.2144,0.4165,0.4926
72,0.4505,0.0012,0.4792,0.0119,691.4,61.45,82.3695,0.4165,0.4926
73,0.4754,0.0011,0.4814,0.0061,706.75,90.6,85.3606,0.4165,0.4926
74,0.4746,0.0007,0.4837,0.0038,699.1,96.2,88.3127,0.4165,0.4926
75,0.4838,0.0008,0.4865,0.0019,694.7,116.2,91.9538,0.4165,0.4926
76,0.4503,0.0024,0.4718,0.0131,694.9,57.85,72.7004,0.4165,0.4926
77,0.4535,0.0031,0.4668,0.0077,707.15,51.5,66.1617,0.4165,0.4926
78,0.4673,0.0063,0.4817,0.0102,701.15,81.5,85.7489,0.4165,0.4926
79,0.444,0.008,0.4624,0.0068,703.55,38.35,60.3393,0.4165,0.4926
80,0.4783,0.0009,0.4839,0.0045,707.25,95.2,88.612,0.4165,0.4926
81,0.4678,0.0034,0.4812,0.008,701.55,82.1,85.0881,0.4165,0.4926
82,0.451,0.0054,0.4848,0.0061,690.9,62.85,89.8208,0.4165,0.4926
83,0.454,0.0077,0.4825,0.0107,693.2,65.85,86.74,0.4165,0.4926
84,0.4802,0.0037,0.4823,0.0049,706.25,99.3,86.4711,0.4165,0.4926
85,0.4759,0.0005,0.4829,0.0048,710.3,88.05,87.2673,0.4165,0.4926
86,0.4763,0.0023,0.4823,0.0043,697.45,100.55,86.4918,0.4165,0.4926
87,0.4506,0.0014,0.4757,0.0098,700.15,53.3,77.8624,0.4165,0.4926
88,0.4691,0.0048,0.4811,0.0071,703.6,82.35,84.937,0.4165,0.4926
89,0.4847,0.0023,0.4865,0.0029,711.35,102.75,92.0488,0.4165,0.4926
90,0.4734,0.0008,0.4831,0.005,704.85,88.85,87.5999,0.4165,0.4926
91,0.4843,0.0045,0.485,0.0049,712.05,101.4,90.0503,0.4165,0.4926
92,0.4736,0.0005,0.4821,0.0044,705.4,88.7,86.2367,0.4165,0.4926
93,0.4639,0.0106,0.4814,0.0125,699.95,76.7,85.278,0.4165,0.4926
94,0.4884,0.002,0.4898,0.0028,712.2,108.6,96.3186,0.4165,0.4926
95,0.4762,0.0013,0.4869,0.0033,704.7,93.85,92.4745,0.4165,0.4926
96,0.4689,0.0012,0.4835,0.007,701.95,83.55,88.1283,0.4165,0.4926
97,0.4496,0.0017,0.4738,0.0073,696.4,55.05,75.3066,0.4165,0.4926
98,0.456,0.0111,0.4781,0.0128,696.85,66.0,80.9548,0.4165,0.4926
99,0.4797,0.0005,0.4866,0.0027,697.6,106.45,92.1816,0.4165,0.4926
100,0.4841,0.0003,0.4858,0.0017,701.0,111.05,91.1038,0.4165,0.4926
101,0.4834,0.0007,0.4869,0.0039,711.5,100.3,92.5202,0.4165,0.4926
102,0.4502,0.0092,0.4613,0.0057,705.4,47.4,58.9032,0.4165,0.4926
103,0.4509,0.0082,0.462,0.0058,705.5,48.5,59.7444,0.4165,0.4926
104,0.4591,0.0076,0.4778,0.0097,698.45,69.65,80.5235,0.4165,0.4926
105,0.4545,0.0055,0.4784,0.0119,696.45,63.7,81.3441,0.4165,0.4926
106,0.4513,0.0028,0.4782,0.0103,699.4,55.25,81.087,0.4165,0.4926
107,0.4715,0.0051,0.476,0.0073,707.45,83.1,78.1533,0.4165,0.4926
108,0.4664,0.0079,0.4771,0.0078,701.8,79.35,79.6134,0.4165,0.4926
109,0.4763,0.0024,0.4832,0.0063,707.4,91.55,87.6329,0.4165,0.4926
110,0.49,0.0002,0.4906,0.0009,714.9,109.0,97.4187,0.4165,0.4926
111,0.4842,0.0036,0.4866,0.0047,711.7,101.6,92.1199,0.4165,0.4926
112,0.4486,0.0011,0.475,0.0122,694.0,55.65,76.8548,0.4165,0.4926
113,0.4832,0.0027,0.487,0.0034,711.7,99.75,92.7148,0.4165,0.4926
114,0.4843,0.0008,0.4864,0.0031,714.8,98.8,91.8222,0.4165,0.4926
115,0.475,0.001,0.4797,0.0056,706.25,90.35,83.0732,0.4165,0.4926
116,0.4494,0.0017,0.4791,0.011,692.8,58.2,82.2476,0.4165,0.4926
117,0.4501,0.0007,0.4733,0.0093,697.85,54.5,74.6256,0.4165,0.4926
118,0.4765,0.0024,0.4836,0.0035,695.3,102.95,88.1937,0.4165,0.4926
119,0.4741,0.001,0.4866,0.0051,705.35,89.55,92.1764,0.4165,0.4926
120,0.4604,0.0022,0.4806,0.0056,696.5,73.75,84.1986,0.4165,0.4926
121,0.4573,0.0019,0.4805,0.0079,695.7,69.25,84.1071,0.4165,0.4926
122,0.4802,0.003,0.4843,0.0055,709.3,96.65,89.1389,0.4165,0.4926
123,0.454,0.0103,0.4772,0.013,694.15,64.9,79.8477,0.4165,0.4926
124,0.4614,0.0018,0.477,0.0061,704.25,68.2,79.5023,0.4165,0.4926
125,0.4618,0.0023,0.4794,0.0074,702.05,71.05,82.7398,0.4165,0.4926
126,0.4726,0.0011,0.4831,0.0039,699.45,92.45,87.6036,0.4165,0.4926
127,0.4516,0.0005,0.4762,0.0106,697.2,57.75,78.511,0.4165,0.4926
128,0.4652,0.0018,0.4805,0.0059,703.9,75.2,84.1675,0.4165,0.4926
129,0.449,0.0003,0.4796,0.01,691.4,58.85,82.8966,0.4165,0.4926
130,0.4801,0.0012,0.4847,0.0031,710.8,95.1,89.5778,0.4165,0.4926
131,0.4809,0.0012,0.4855,0.0034,704.7,102.05,90.6438,0.4165,0.4926
132,0.4749,0.002,0.487,0.0042,705.05,91.25,92.6183,0.4165,0.4926
133,0.4636,0.0026,0.4793,0.0075,703.5,72.8,82.4809,0.4165,0.4926
134,0.4529,0.0025,0.477,0.0103,698.0,59.3,79.5489,0.4165,0.4926
135,0.484,0.0018,0.4862,0.003,709.5,103.15,91.5514,0.4165,0.4926
136,0.4794,0.0017,0.4829,0.0036,699.0,104.75,87.2832,0.4165,0.4926
137,0.4809,0.0016,0.4838,0.0028,700.5,106.0,88.5213,0.4165,0.4926
138,0.476,0.0016,0.4828,0.0036,701.6,96.35,87.1379,0.4165,0.4926
139,0.4515,0.0034,0.4763,0.0104,695.65,59.1,78.6561,0.4165,0.4926
140,0.4736,0.0012,0.4849,0.0055,704.0,90.0,89.9153,0.4165,0.4926
141,0.4594,0.0124,0.4823,0.0137,698.75,70.05,86.522,0.4165,0.4926
142,0.4824,0.0025,0.4844,0.0044,713.6,96.6,89.3114,0.4165,0.4926
143,0.4663,0.0091,0.4764,0.0114,703.3,77.85,78.702,0.4165,0.4926
144,0.4814,0.0027,0.4827,0.0032,700.7,106.6,86.9875,0.4165,0.4926
145,0.4519,0.0043,0.4749,0.0109,694.85,60.65,76.8259,0.4165,0.4926
146,0.4691,0.0056,0.4787,0.0067,702.45,83.45,81.8157,0.4165,0.4926
147,0.4492,0.0064,0.4789,0.0142,688.1,62.45,81.9854,0.4165,0.4926
148,0.457,0.0063,0.4748,0.011,700.55,64.05,76.5858,0.4165,0.4926
149,0.4782,0.0002,0.487,0.0033,695.1,106.0,92.6792,0.4165,0.4926
150,0.4564,0.007,0.4818,0.0063,699.15,64.45,85.831,0.4165,0.4926
151,0.4539,0.003,0.4808,0.006,698.4,60.65,84.5694,0.4165,0.4926
152,0.4565,0.0133,0.4812,0.0132,694.75,68.8,85.0879,0.4165,0.4926
153,0.4487,0.0007,0.4733,0.0111,691.2,58.6,74.637,0.4165,0.4926
154,0.4498,0.002,0.4704,0.01,698.8,53.2,70.8302,0.4165,0.4926
155,0.4499,0.001,0.4767,0.0113,694.8,57.15,79.1516,0.4165,0.4926
156,0.4816,0.0014,0.4863,0.0027,695.4,111.65,91.7695,0.4165,0.4926
157,0.4502,0.0054,0.4773,0.0096,689.4,62.95,79.8663,0.4165,0.4926
158,0.4747,0.0009,0.482,0.0057,699.45,96.1,86.0849,0.4165,0.4926
159,0.4899,0.0007,0.4913,0.0008,719.35,104.6,98.3469,0.4165,0.4926
160,0.4799,0.0033,0.4819,0.0039,701.55,103.15,85.9021,0.4165,0.4926
161,0.4557,0.0065,0.4744,0.0115,699.6,62.65,76.0808,0.4165,0.4926
162,0.4515,0.0066,0.4841,0.0046,697.0,57.95,88.8305,0.4165,0.4926
163,0.475,0.001,0.4843,0.0049,707.85,88.8,89.0888,0.4165,0.4926
164,0.45,0.0014,0.4696,0.0107,695.5,56.75,69.8072,0.4165,0.4926
165,0.4765,0.0026,0.4811,0.0059,710.15,89.3,84.9125,0.4165,0.4926
166,0.4521,0.0048,0.4815,0.0051,690.35,65.25,85.4773,0.4165,0.4926
167,0.4712,0.003,0.4808,0.0075,697.85,91.45,84.4814,0.4165,0.4926
168,0.465,0.0045,0.4781,0.0072,698.8,79.75,80.9098,0.4165,0.4926
169,0.4498,0.001,0.4752,0.0117,695.85,56.05,77.1573,0.4165,0.4926
170,0.4521,0.0034,0.4777,0.0107,697.25,58.65,80.4783,0.4165,0.4926
171,0.4732,0.0029,0.4807,0.0059,699.8,93.05,84.4011,0.4165,0.4926
172,0.4519,0.0051,0.48,0.0118,696.85,58.7,83.4006,0.4165,0.4926
173,0.4813,0.0012,0.485,0.0044,712.45,95.65,90.0826,0.4165,0.4926
174,0.4754,0.002,0.4841,0.0073,709.1,88.3,88.8672,0.4165,0.4926
175,0.4698,0.003,0.4775,0.0079,707.65,79.7,80.1158,0.4165,0.4926
176,0.4764,0.0011,0.4833,0.0052,707.15,91.95,87.8278,0.4165,0.4926
177,0.4728,0.0021,0.4799,0.0064,701.3,91.05,83.385,0.4165,0.4926
178,0.449,0.0014,0.4843,0.0103,689.2,60.95,89.0843,0.4165,0.4926
179,0.4762,0.0024,0.4831,0.0041,709.65,89.3,87.5058,0.4165,0.4926
180,0.4485,0.0014,0.4772,0.011,694.45,55.1,79.7838,0.4165,0.4926
181,0.4801,0.0077,0.4821,0.0075,710.3,95.7,86.2435,0.4165,0.4926
182,0.4553,0.0061,0.4638,0.0077,709.85,52.05,62.1236,0.4165,0.4926
183,0.4795,0.0025,0.4827,0.003,703.2,101.1,86.9781,0.4165,0.4926
184,0.451,0.0029,0.4706,0.0073,697.4,56.6,71.0869,0.4165,0.4926
185,0.4617,0.0044,0.4757,0.0093,698.75,73.95,77.7827,0.4165,0.4926
186,0.4715,0.0008,0.4848,0.0031,698.4,91.35,89.8072,0.4165,0.4926
187,0.4805,0.004,0.4829,0.0038,702.7,103.1,87.3101,0.4165,0.4926
188,0.4772,0.0078,0.482,0.0068,703.3,96.85,86.1001,0.4165,0.4926
189,0.4848,0.001,0.489,0.0027,697.0,115.95,95.3519,0.4165,0.4926
190,0.4467,0.002,0.4781,0.0085,687.1,59.0,80.9733,0.4165,0.4926
191,0.4563,0.0069,0.4738,0.0112,700.65,62.85,75.3295,0.4165,0.4926
192,0.4783,0.0027,0.4831,0.0039,693.6,107.5,87.5394,0.4165,0.4926
193,0.4749,0.0004,0.4819,0.0052,708.55,88.0,85.9912,0.4165,0.4926
194,0.4812,0.0016,0.4842,0.0031,701.55,105.5,89.0258,0.4165,0.4926
195,0.4489,0.0003,0.4796,0.012,693.05,57.05,82.8858,0.4165,0.4926
196,0.4803,0.0005,0.4841,0.0046,711.7,94.7,88.8455,0.4165,0.4926
197,0.4802,0.0048,0.4819,0.0057,706.05,99.65,85.9796,0.4165,0.4926
198,0.4832,0.0075,0.4836,0.0073,717.55,94.35,88.1324,0.4165,0.4926
199,0.4804,0.0025,0.4828,0.0025,705.9,100.1,87.1664,0.4165,0.4926
200,0.4827,0.0022,0.488,0.0021,704.75,105.3,94.0439,0.4165,0.4926
201,0.4674,0.0095,0.4809,0.0078,703.9,79.2,84.6113,0.4165,0.4926
202,0.4424,0.0075,0.4693,0.0098,693.95,44.95,69.4556,0.4165,0.4926
203,0.48,0.001,0.4847,0.0032,711.6,94.2,89.6156,0.4165,0.4926
204,0.4596,0.0074,0.4781,0.0101,695.65,73.2,80.9903,0.4165,0.4926
205,0.4573,0.0067,0.4831,0.0138,696.45,68.6,87.5196,0.4165,0.4926
206,0.4667,0.003,0.4796,0.0082,704.6,77.25,82.9678,0.4165,0.4926
207,0.4744,0.0015,0.481,0.0045,699.75,95.3,84.7752,0.4165,0.4926
208,0.4485,0.0006,0.4758,0.0114,690.5,58.85,77.8809,0.4165,0.4926
209,0.4794,0.0025,0.484,0.0035,702.85,101.25,88.6658,0.4165,0.4926
